City_ID,City,Country,Date,Lat,Lng,Max Temp,Humidity,Cloudiness,Wind Speed
0,Kisangani,CD,2021-07-14 00:55:32,0.5167,25.2,70.84,85,32,2.59
1,Port Alfred,ZA,2021-07-14 01:03:33,-33.5906,26.891,50.45,70,65,19.8
2,Ponta Do Sol,PT,2021-07-14 01:03:33,32.6667,-17.1,70.72,79,0,5.99
3,Bluff,NZ,2021-07-14 01:03:33,-46.6,168.3333,49.98,70,100,17.22
4,Yichang,CN,2021-07-14 01:03:34,30.7144,111.2847,90.32,63,0,1.95
5,Bodo,NO,2021-07-14 01:03:34,67.28,14.405,54.77,92,90,5.75
6,Guerrero Negro,MX,2021-07-14 01:03:34,27.9769,-114.0611,75.6,64,15,15.23
7,Villablino,ES,2021-07-14 01:03:35,42.9393,-6.3194,53.19,98,45,3.4
8,Hobart,AU,2021-07-14 01:01:08,-42.8794,147.3294,51.12,92,75,1.01
9,Tuktoyaktuk,CA,2021-07-14 01:03:35,69.4541,-133.0374,42.17,79,100,11.95
10,Port Hueneme,US,2021-07-14 01:03:35,34.1478,-119.1951,99.07,74,75,12.66
11,Vardo,NO,2021-07-14 01:03:36,70.3705,31.1107,51.71,96,100,19.62
12,Surt,LY,2021-07-14 01:03:11,31.2089,16.5887,77.97,72,30,8.41
13,Oranjestad,AW,2021-07-14 01:02:31,12.524,-70.027,80.74,84,15,22.64
14,Rovaniemi,FI,2021-07-14 01:03:36,66.5,25.7167,62.01,94,0,8.05
15,Kaitangata,NZ,2021-07-14 01:03:37,-46.2817,169.8464,42.93,68,94,5.88
16,Thompson,CA,2021-07-14 01:03:37,55.7435,-97.8558,73.69,31,98,2.84
17,Punta Arenas,CL,2021-07-14 01:03:38,-53.15,-70.9167,35.13,73,75,1.9
18,Portland,US,2021-07-14 01:01:43,45.5234,-122.6762,90.55,47,1,3.0
19,Kahului,US,2021-07-14 01:02:26,20.8947,-156.47,81.68,83,15,11.01
20,Xichang,CN,2021-07-14 01:03:38,27.8964,102.2634,71.49,86,100,1.83
21,Avarua,CK,2021-07-14 01:03:38,-21.2078,-159.775,80.65,69,40,9.22
22,Faanui,PF,2021-07-14 01:03:39,-16.4833,-151.75,80.64,69,4,18.32
23,Upernavik,GL,2021-07-14 01:01:07,72.7868,-56.1549,40.57,97,100,14.27
24,Roald,NO,2021-07-14 01:03:39,62.5833,6.1333,67.15,90,100,10.54
25,Lasa,IT,2021-07-14 01:03:40,46.6166,10.7002,56.14,96,100,1.32
26,Kapaa,US,2021-07-14 01:03:40,22.0752,-159.319,84.18,77,16,3.0
27,Mataura,NZ,2021-07-14 01:03:40,-46.1927,168.8643,46.96,69,100,5.14
28,Vaini,TO,2021-07-14 01:03:41,-21.2,-175.2,80.76,83,75,5.75
29,Jamestown,US,2021-07-14 01:00:37,42.097,-79.2353,71.71,97,40,4.0
30,Hasaki,JP,2021-07-14 01:03:41,35.7333,140.8333,81.28,86,100,9.78
31,Dingle,PH,2021-07-14 01:03:41,10.9995,122.6711,83.5,75,67,4.5
32,Mennecy,FR,2021-07-14 01:03:42,48.569,2.4438,61.77,95,90,11.5
33,Katsuura,JP,2021-07-14 01:03:42,35.1333,140.3,80.19,80,94,7.7
34,Trairi,BR,2021-07-14 00:59:43,-3.2778,-39.2689,77.49,82,86,8.55
35,Sola,VU,2021-07-14 01:03:43,-13.8833,167.55,80.28,79,33,20.4
36,Kruisfontein,ZA,2021-07-14 01:03:43,-34.0033,24.7314,44.89,79,35,11.61
37,Chumikan,RU,2021-07-14 01:03:43,54.7183,135.315,68.59,72,100,11.92
38,Halmstad,SE,2021-07-14 01:03:44,56.6745,12.8568,68.2,89,20,3.44
39,Hilo,US,2021-07-14 01:00:08,19.7297,-155.09,81.25,83,52,3.0
40,Georgetown,MY,2021-07-14 00:58:56,5.4112,100.3354,78.89,85,20,1.99
41,Si Racha,TH,2021-07-14 01:03:44,13.1737,100.9311,87.94,76,99,4.72
42,Ushuaia,AR,2021-07-14 01:01:37,-54.8,-68.3,21.22,96,52,3.94
43,Rikitea,PF,2021-07-14 01:03:44,-23.1203,-134.9692,74.16,72,2,13.04
44,Hermanus,ZA,2021-07-14 01:03:45,-34.4187,19.2345,46.9,73,10,9.04
45,Bosanski Novi,BA,2021-07-14 01:03:45,45.0458,16.3803,68.79,62,83,3.78
46,Srednekolymsk,RU,2021-07-14 01:03:45,67.45,153.6833,59.56,48,7,3.13
47,Aguimes,ES,2021-07-14 01:03:46,27.9054,-15.4461,75.83,29,0,27.63
48,Xiaoweizhai,CN,2021-07-14 01:03:46,26.1903,107.5125,75.85,82,96,10.18
49,Miandrivazo,MG,2021-07-14 01:03:46,-19.5167,45.4667,67.33,58,0,4.32
50,Iqaluit,CA,2021-07-14 01:03:47,63.7506,-68.5145,47.7,87,90,13.0
51,Faya,SA,2021-07-14 01:03:47,18.3851,42.4509,70.2,44,83,1.68
52,San Patricio,US,2021-07-14 01:03:47,28.017,-97.5169,85.84,74,71,11.14
53,Kumano,JP,2021-07-14 01:03:48,34.3442,132.5894,83.89,78,23,1.86
54,Conway,US,2021-07-14 01:03:48,35.0887,-92.4421,86.18,55,1,3.44
55,Fortuna,US,2021-07-14 01:03:48,40.5982,-124.1573,90.19,83,75,1.99
56,Mantua,IT,2021-07-14 01:03:49,45.1667,10.7833,66.34,79,0,4.21
57,Chuy,UY,2021-07-14 01:03:49,-33.6971,-53.4616,55.24,90,100,9.53
58,Atuona,PF,2021-07-14 01:03:49,-9.8,-139.0333,78.03,73,9,21.94
59,Jambi,ID,2021-07-14 01:03:50,-1.6,103.6167,71.98,96,100,4.56
60,Kodiak,US,2021-07-14 01:03:50,57.79,-152.4072,56.71,72,90,8.05
61,Salalah,OM,2021-07-14 01:03:50,17.0151,54.0924,80.69,89,90,6.91
62,Saint-Philippe,RE,2021-07-14 01:03:51,-21.3585,55.7679,67.55,68,5,9.89
63,Lompoc,US,2021-07-14 01:01:33,34.6391,-120.4579,86.13,75,75,5.99
64,Brownsburg,US,2021-07-14 01:02:12,39.8434,-86.3978,75.11,76,40,1.01
65,Nzerekore,GN,2021-07-14 01:03:51,7.7562,-8.8179,68.59,99,92,3.15
66,Tarko-Sale,RU,2021-07-14 01:03:51,64.9225,77.785,45.09,58,100,13.4
67,Dudinka,RU,2021-07-14 01:03:52,69.4058,86.1778,45.25,55,96,4.45
68,Lyuban,BY,2021-07-14 01:03:52,52.7985,28.0048,66.36,90,4,4.81
69,Kapit,MY,2021-07-14 01:03:52,2.0167,112.9333,76.05,97,100,2.06
70,Albany,US,2021-07-14 01:01:06,42.6001,-73.9662,72.63,90,97,3.0
71,Nouadhibou,MR,2021-07-14 01:03:53,20.931,-17.0347,69.49,80,1,24.43
72,Torbay,CA,2021-07-14 01:03:53,47.6666,-52.7314,48.76,86,0,4.07
73,Cape Town,ZA,2021-07-14 01:03:53,-33.9258,18.4232,47.12,94,60,7.09
74,Broome,US,2021-07-14 01:03:54,42.2506,-75.833,78.55,93,1,1.01
75,Yellowknife,CA,2021-07-14 01:00:07,62.456,-114.3525,75.29,38,96,17.0
76,Kangaatsiaq,GL,2021-07-14 01:03:54,68.3065,-53.4641,43.93,89,100,26.84
77,Chara,RU,2021-07-14 01:03:54,56.9064,118.2631,69.96,43,32,1.92
78,Tasiilaq,GL,2021-07-14 01:03:55,65.6145,-37.6368,44.76,94,90,5.23
79,Chokurdakh,RU,2021-07-14 01:03:55,70.6333,147.9167,52.5,51,41,8.79
80,Port Lincoln,AU,2021-07-14 01:03:55,-34.7333,135.8667,61.21,71,96,17.96
81,Busselton,AU,2021-07-14 01:03:56,-33.65,115.3333,52.05,68,27,19.01
82,Ankara,TR,2021-07-14 01:03:56,39.9199,32.8543,68.2,61,0,1.01
83,Arraial Do Cabo,BR,2021-07-14 01:03:56,-22.9661,-42.0278,71.11,87,0,20.42
84,Nabire,ID,2021-07-14 01:03:57,-3.3667,135.4833,81.09,77,87,3.78
85,Pascagoula,US,2021-07-14 01:03:21,30.3658,-88.5561,83.05,86,13,7.2
86,Caledon,ZA,2021-07-14 01:03:57,-34.23,19.4265,44.17,83,0,5.03
87,Cherskiy,RU,2021-07-14 01:03:58,68.75,161.3,40.75,89,100,2.13
88,Nome,US,2021-07-14 01:03:58,64.5011,-165.4064,59.16,71,90,8.05
89,Turukhansk,RU,2021-07-14 01:03:58,65.8167,87.9833,46.54,55,78,8.41
90,Souillac,MU,2021-07-14 01:03:59,-20.5167,57.5167,67.35,75,9,12.44
91,Leningradskiy,RU,2021-07-14 01:03:59,69.3833,178.4167,44.74,83,52,13.04
92,Puerto Ayora,EC,2021-07-14 01:03:59,-0.7393,-90.3518,72.19,89,89,10.11
93,Almaznyy,RU,2021-07-14 01:04:00,48.0448,40.045,57.34,49,0,8.25
94,Lufilufi,WS,2021-07-14 01:04:00,-13.8745,-171.5986,81.79,79,88,20.29
95,Kalmunai,LK,2021-07-14 01:04:00,7.4167,81.8167,80.22,77,97,4.18
96,Svetlyy,RU,2021-07-14 01:04:01,54.675,20.1347,64.45,91,3,6.93
97,Port Elizabeth,ZA,2021-07-14 01:04:01,-33.918,25.5701,47.1,76,65,14.88
98,Miraflores,MX,2021-07-14 01:04:01,19.2167,-98.8083,61.56,85,63,2.42
99,Codrington,AU,2021-07-14 01:04:01,-38.2667,141.9667,52.05,88,99,15.93
100,Sereflikochisar,TR,2021-07-14 01:04:02,38.9393,33.5386,70.43,60,0,8.52
101,Castro,BR,2021-07-14 01:01:06,-24.7911,-50.0119,55.08,66,100,2.55
102,Campbeltown,GB,2021-07-14 01:04:02,55.4258,-5.6076,53.65,93,72,6.76
103,Ahipara,NZ,2021-07-14 01:04:03,-35.1667,173.1667,56.64,54,6,9.33
104,Sarangani,PH,2021-07-14 01:04:03,5.4033,125.4636,82.81,74,99,3.78
105,Mount Gambier,AU,2021-07-14 01:04:03,-37.8333,140.7667,51.71,93,90,16.11
106,Cockburn Town,TC,2021-07-14 01:04:04,21.4612,-71.1419,81.21,84,0,16.31
107,Maine-Soroa,NE,2021-07-14 01:04:04,13.2114,12.0241,84.83,52,49,13.53
108,Fairbanks,US,2021-07-14 01:00:04,64.8378,-147.7164,79.09,42,100,1.01
109,Imbituba,BR,2021-07-14 01:04:04,-28.24,-48.6703,67.89,77,100,5.46
110,Tabory,RU,2021-07-14 01:04:05,58.5198,64.5495,46.45,69,6,7.43
111,Severo-Kurilsk,RU,2021-07-14 01:04:05,50.6789,156.125,57.65,90,100,9.01
112,Ixtapa,MX,2021-07-14 01:04:06,20.7,-105.2,87.03,66,75,3.44
113,Qaanaaq,GL,2021-07-14 01:04:06,77.484,-69.3632,40.01,82,100,7.16
114,Iwanai,JP,2021-07-14 01:04:06,42.9744,140.5089,79.63,57,2,2.62
115,Port Keats,AU,2021-07-14 01:04:07,-14.25,129.55,83.26,29,99,5.73
116,Mahebourg,MU,2021-07-14 01:04:07,-20.4081,57.7,67.24,74,19,15.1
117,Klaksvik,FO,2021-07-14 01:04:07,62.2266,-6.589,50.92,94,100,13.42
118,Shenjiamen,CN,2021-07-14 01:04:08,29.9576,122.298,80.78,89,100,22.88
119,East London,ZA,2021-07-14 01:03:01,-33.0153,27.9116,53.51,58,57,21.09
120,Teknaf,BD,2021-07-14 01:04:08,20.8624,92.3058,80.11,87,100,7.58
121,Ribeira Grande,PT,2021-07-14 01:04:09,38.5167,-28.7,70.11,81,53,13.96
122,Hithadhoo,MV,2021-07-14 01:04:09,-0.6,73.0833,81.59,74,14,3.89
123,Santo Andre,BR,2021-07-14 01:04:09,-23.6639,-46.5383,68.13,57,0,0.0
124,Tuatapere,NZ,2021-07-14 01:04:10,-46.1333,167.6833,49.89,77,100,10.94
125,Bathsheba,BB,2021-07-14 01:04:10,13.2167,-59.5167,79.75,82,14,15.05
126,Champua,IN,2021-07-14 01:04:10,22.0833,85.6667,76.42,90,60,5.86
127,Opuwo,NA,2021-07-14 01:04:11,-18.0607,13.84,55.08,30,0,9.4
128,Juneau,US,2021-07-14 01:03:37,58.3019,-134.4197,58.84,99,90,6.91
129,Lorengau,PG,2021-07-14 01:04:11,-2.0226,147.2712,85.42,71,61,11.41
130,Havelock,US,2021-07-14 01:02:40,34.8791,-76.9013,82.02,88,100,3.0
131,Kirakira,SB,2021-07-14 01:04:11,-10.4544,161.9205,84.81,72,16,13.8
132,Shimoda,JP,2021-07-14 01:04:12,34.6667,138.95,73.11,87,100,9.95
133,Carnarvon,AU,2021-07-14 01:04:12,-24.8667,113.6333,60.87,63,90,4.61
134,Rabat,MA,2021-07-14 01:04:12,33.9911,-6.8401,66.15,91,40,0.0
135,Narsaq,GL,2021-07-14 01:04:13,60.9167,-46.05,50.22,75,100,1.95
136,Hofn,IS,2021-07-14 01:03:10,64.2539,-15.2082,52.5,79,100,12.39
137,Pevek,RU,2021-07-14 01:04:13,69.7008,170.3133,42.6,84,81,3.8
138,Haines Junction,CA,2021-07-14 01:04:14,60.7522,-137.5108,63.84,42,44,8.46
139,Frutal,BR,2021-07-14 01:04:14,-20.0247,-48.9406,66.47,38,0,6.85
140,Ellensburg,US,2021-07-14 01:04:14,46.9965,-120.5479,99.95,28,1,8.99
141,Domna,RU,2021-07-14 01:04:15,51.8971,113.1573,62.76,94,75,4.47
142,Isangel,VU,2021-07-14 01:04:15,-19.55,169.2667,73.36,67,47,18.41
143,Gloucester,GB,2021-07-14 01:01:24,51.8657,-2.2431,61.72,84,100,3.0
144,San Cristobal,VE,2021-07-14 01:04:16,7.7669,-72.225,73.58,82,72,2.64
145,Barrow,US,2021-07-14 01:04:16,71.2906,-156.7887,33.82,86,90,10.36
146,Brownsville,US,2021-07-14 01:02:05,25.9018,-97.4975,85.08,76,73,4.0
147,Keningau,MY,2021-07-14 01:04:16,5.3378,116.1602,77.45,91,94,1.12
148,Paramonga,PE,2021-07-14 01:04:17,-10.6667,-77.8333,64.74,84,71,10.13
149,Karratha,AU,2021-07-14 01:04:17,-20.7377,116.8463,71.38,60,100,11.41
150,Tual,ID,2021-07-14 01:04:17,-5.6667,132.75,81.03,83,95,15.43
151,Atambua,ID,2021-07-14 01:04:18,-9.1061,124.8925,79.77,57,34,4.45
152,Ous,RU,2021-07-14 01:04:18,60.9058,61.5186,48.22,61,0,3.51
153,Kajaani,FI,2021-07-14 01:04:18,64.2273,27.7285,59.05,88,0,1.14
154,Saint-Augustin,CA,2021-07-14 01:04:19,51.226,-58.6502,64.33,56,7,15.93
155,Khatanga,RU,2021-07-14 01:04:19,71.9667,102.5,42.53,63,99,16.91
156,Igarka,RU,2021-07-14 01:04:19,67.4667,86.5833,46.18,53,7,8.9
157,Tereze,RU,2021-07-14 01:04:20,43.9361,42.4434,61.3,76,0,5.53
158,Comodoro Rivadavia,AR,2021-07-14 01:00:58,-45.8667,-67.5,46.99,59,100,8.01
159,Lebu,CL,2021-07-14 01:04:20,-37.6167,-73.65,47.66,80,0,14.16
160,Tiksi,RU,2021-07-14 01:04:20,71.6872,128.8694,57.25,77,100,14.45
161,Port Blair,IN,2021-07-14 01:04:21,11.6667,92.75,82.13,82,27,6.69
162,Aklavik,CA,2021-07-14 01:04:21,68.2191,-135.0107,54.32,76,100,14.38
163,Srandakan,ID,2021-07-14 01:04:22,-7.9386,110.2506,62.73,74,100,7.09
164,Alice Springs,AU,2021-07-14 01:04:22,-23.7,133.8833,76.55,21,5,11.99
165,Talcahuano,CL,2021-07-14 01:04:22,-36.7167,-73.1167,42.48,100,0,4.61
166,Butaritari,KI,2021-07-14 01:04:23,3.0707,172.7902,83.34,75,98,10.76
167,Buchanan,LR,2021-07-14 01:04:23,5.8808,-10.0467,76.96,84,100,7.18
168,Yining,CN,2021-07-14 01:04:23,29.0361,114.5636,91.04,56,1,7.94
169,Naze,JP,2021-07-14 01:04:24,28.3667,129.4833,81.27,77,100,7.63
170,Puerto Escondido,MX,2021-07-14 01:04:24,15.85,-97.0667,83.23,61,90,0.0
171,Cairns,AU,2021-07-14 01:04:24,-16.9167,145.7667,81.07,69,40,12.66
172,Lavrentiya,RU,2021-07-14 01:04:25,65.5833,-171.0,49.37,82,81,7.63
173,Sao Filipe,CV,2021-07-14 01:04:25,14.8961,-24.4956,73.56,87,100,2.82
174,Havre-Saint-Pierre,CA,2021-07-14 01:04:25,50.2334,-63.5986,58.15,73,0,4.88
175,Rio Branco,BR,2021-07-14 01:00:07,-9.9747,-67.81,75.81,88,0,2.3
176,Cayenne,GF,2021-07-14 01:02:00,4.9333,-52.3333,82.09,83,0,3.0
177,Noumea,NC,2021-07-14 01:04:26,-22.2763,166.4572,71.58,99,0,14.23
178,Evensk,RU,2021-07-14 01:01:39,61.95,159.2333,53.35,89,96,7.31
179,North Bend,US,2021-07-14 01:04:27,43.4065,-124.2243,72.25,78,90,24.16
180,Saint-Francois,FR,2021-07-14 01:04:27,46.4154,3.9054,58.48,95,75,3.44
181,Soyo,AO,2021-07-14 01:04:27,-6.1349,12.3689,71.02,90,38,7.49
182,Bahia Honda,CU,2021-07-14 01:04:28,22.9036,-83.1592,80.01,84,35,9.35
183,Sao Joao Da Barra,BR,2021-07-14 01:04:28,-21.6403,-41.0511,71.28,89,0,11.77
184,Yerbogachen,RU,2021-07-14 01:04:29,61.2767,108.0108,69.35,51,100,8.08
185,Vaxjo,SE,2021-07-14 01:04:29,56.8777,14.8091,68.05,100,100,3.44
186,Esperance,AU,2021-07-14 01:04:29,-33.8667,121.9,55.24,68,41,24.79
187,Guiratinga,BR,2021-07-14 01:04:30,-16.3494,-53.7583,70.36,36,0,4.09
188,Bethel,US,2021-07-14 01:04:30,41.3712,-73.414,70.36,93,90,5.75
189,Bagra,IN,2021-07-14 01:04:30,23.7333,86.3167,80.67,83,29,6.26
190,Bredasdorp,ZA,2021-07-14 01:04:31,-34.5322,20.0403,38.28,80,6,7.81
191,Victoria,HK,2021-07-14 01:00:54,22.2855,114.1577,88.25,80,28,1.01
192,Viloco,BO,2021-07-14 01:04:31,-16.95,-67.55,41.22,79,4,2.42
193,Ucluelet,CA,2021-07-14 01:04:31,48.9329,-125.5528,86.04,85,34,4.0
194,Eagle Pass,US,2021-07-14 01:00:10,28.7091,-100.4995,84.24,66,54,17.83
195,Pochutla,MX,2021-07-14 01:04:32,15.7432,-96.4661,83.82,86,76,3.98
196,Airai,TL,2021-07-14 01:04:32,-8.9266,125.4092,68.32,56,100,4.38
197,Raxaul,IN,2021-07-14 01:04:32,26.9833,84.85,81.5,81,42,7.81
198,Tilichiki,RU,2021-07-14 01:04:33,60.4667,166.1,59.31,87,100,3.58
199,Namatanai,PG,2021-07-14 01:04:33,-3.6667,152.4333,84.83,68,52,11.63
200,Kieta,PG,2021-07-14 01:04:33,-6.2167,155.6333,85.35,69,27,10.22
201,Nikolskoye,RU,2021-07-14 01:04:34,59.7035,30.7861,69.69,88,99,1.3
202,Malayal,PH,2021-07-14 01:04:34,7.208,121.942,84.36,67,25,0.85
203,Koppang,NO,2021-07-14 01:04:34,61.5706,11.0555,59.65,67,100,0.56
204,Bossangoa,CF,2021-07-14 01:04:35,6.4926,17.4552,68.59,98,45,4.0
205,Ambilobe,MG,2021-07-14 01:04:35,-13.2,49.05,63.43,81,5,4.14
206,Saldanha,ZA,2021-07-14 01:04:35,-33.0117,17.9442,49.01,70,37,5.01
207,Fukue,JP,2021-07-14 01:04:36,32.6881,128.8419,81.05,83,100,5.61
208,Amuntai,ID,2021-07-14 01:04:36,-2.4177,115.2494,77.52,89,88,1.72
209,Kasempa,ZM,2021-07-14 01:04:36,-13.4584,25.8338,54.95,56,3,3.27
210,Fort Frances,CA,2021-07-14 01:01:27,48.5999,-93.4003,78.17,53,9,7.07
211,Lafiagi,NG,2021-07-14 01:04:37,8.8667,5.4167,75.31,85,100,3.47
212,Farafangana,MG,2021-07-14 01:04:37,-22.8167,47.8333,64.71,88,3,5.75
213,Amboasary,MG,2021-07-14 01:04:37,-25.0333,46.3833,65.61,73,0,4.07
214,Mercedes,AR,2021-07-14 01:04:38,-34.6515,-59.4307,49.86,73,100,8.08
215,Grand-Santi,GF,2021-07-14 01:04:38,4.25,-54.3833,73.49,94,78,2.82
216,Batemans Bay,AU,2021-07-14 01:04:38,-35.7167,150.1833,61.11,60,100,9.53
217,Fallon,US,2021-07-14 01:04:08,39.4735,-118.7774,101.44,10,75,13.8
218,Port Hardy,CA,2021-07-14 01:00:06,50.6996,-127.4199,61.74,84,48,15.52
219,San Andres,CO,2021-07-14 01:04:39,12.5847,-81.7006,84.22,79,75,16.11
220,Superior,US,2021-07-14 01:04:39,46.7208,-92.1041,81.57,49,40,5.75
221,Tsnori,GE,2021-07-14 01:04:39,41.6209,45.9694,69.04,80,100,9.62
222,Mitsamiouli,KM,2021-07-14 01:04:40,-11.3847,43.2844,76.05,78,5,3.36
223,Blackwater,AU,2021-07-14 01:04:40,-23.5833,148.8833,65.48,81,100,10.33
224,Araouane,ML,2021-07-14 01:04:41,18.9048,-3.5265,94.48,18,29,13.51
225,Provideniya,RU,2021-07-14 01:04:41,64.3833,-173.3,46.51,81,20,13.42
226,Illapel,CL,2021-07-14 01:04:41,-31.6308,-71.1653,49.96,87,0,1.25
227,New Norfolk,AU,2021-07-14 01:04:41,-42.7826,147.0587,50.76,88,100,1.1
228,Jinka,ET,2021-07-14 01:04:42,5.65,36.65,61.93,83,100,2.51
229,Panuco,MX,2021-07-14 01:04:42,22.05,-98.1667,78.98,74,100,7.61
230,Mogadishu,SO,2021-07-14 01:04:42,2.0371,45.3438,77.04,84,100,16.11
231,Wilmington,US,2021-07-14 01:04:43,34.2257,-77.9447,80.85,79,1,4.61
232,Nanortalik,GL,2021-07-14 01:04:43,60.1432,-45.2371,45.39,82,100,4.14
233,Jiwani,PK,2021-07-14 01:04:43,25.05,61.7417,86.47,75,100,4.23
234,Nishihara,JP,2021-07-14 01:04:44,26.1842,127.7558,87.46,75,75,9.22
235,Brae,GB,2021-07-14 01:04:44,60.3964,-1.353,57.11,93,85,1.81
236,Coahuayana,MX,2021-07-14 01:04:44,18.7333,-103.6833,78.28,83,100,2.26
237,Fagernes,NO,2021-07-14 01:04:45,60.9858,9.2324,64.27,76,100,1.34
238,Nago,JP,2021-07-14 01:04:45,26.5881,127.9761,88.23,75,100,8.75
239,Mayo,US,2021-07-14 01:04:45,38.8876,-76.5119,87.21,73,1,1.99
240,Hailey,US,2021-07-14 01:04:46,43.5196,-114.3153,87.66,14,1,13.8
241,Leh,IN,2021-07-14 01:04:46,34.1667,77.5833,57.6,50,48,5.39
242,Vila Do Maio,CV,2021-07-14 01:04:46,15.1333,-23.2167,74.43,86,100,7.61
243,Shaki,AZ,2021-07-14 01:04:47,41.0833,47.1667,68.79,59,100,4.36
244,Tautira,PF,2021-07-14 01:04:47,-17.7333,-149.15,82.42,78,48,18.37
245,Imuris,MX,2021-07-14 01:04:47,30.7833,-110.8667,89.73,40,52,9.71
246,Camacha,PT,2021-07-14 01:04:48,33.0833,-16.3333,66.96,73,40,10.36
247,Pustoshka,RU,2021-07-14 01:04:48,56.3355,29.369,66.85,92,18,3.71
248,Cabo San Lucas,MX,2021-07-14 01:00:01,22.8909,-109.9124,86.61,69,92,9.19
249,Sarankhola,BD,2021-07-14 01:04:48,22.3082,89.7897,82.2,85,96,6.42
250,Clyde River,CA,2021-07-14 01:03:15,70.4692,-68.5914,39.94,92,99,3.11
251,Mmabatho,ZA,2021-07-14 01:04:49,-25.85,25.6333,28.81,56,0,9.8
252,Tokur,RU,2021-07-14 01:04:49,53.1333,132.9,66.2,90,100,1.99
253,Sitka,US,2021-07-14 01:04:50,57.0531,-135.33,55.29,71,90,5.75
254,Coquimbo,CL,2021-07-14 01:02:38,-29.9533,-71.3436,52.9,82,0,3.91
255,Safaga,EG,2021-07-14 01:04:50,26.7292,33.9365,87.58,35,86,13.38
256,Padang,ID,2021-07-14 01:04:50,-0.9492,100.3543,73.45,64,100,3.38
257,Dikson,RU,2021-07-14 01:04:51,73.5069,80.5464,35.31,90,53,15.79
258,Zyryanka,RU,2021-07-14 01:04:51,65.75,150.85,67.35,50,16,6.6
259,Egvekinot,RU,2021-07-14 01:04:51,66.3167,-179.1667,59.97,62,100,5.95
260,Eureka,US,2021-07-14 01:02:02,40.8021,-124.1637,63.57,77,10,1.01
261,Russell,US,2021-07-14 01:00:05,32.3502,-85.1999,82.11,69,28,1.07
262,Norman Wells,CA,2021-07-14 01:04:52,65.282,-126.8329,80.94,29,96,8.5
263,Lagoa,PT,2021-07-14 01:04:52,39.05,-27.9833,68.72,80,97,15.64
264,Businga,CD,2021-07-14 01:04:53,3.3333,20.8833,72.1,82,32,1.16
265,Kaliningrad,RU,2021-07-14 01:04:53,54.7065,20.511,64.45,93,55,5.82
266,Pouebo,NC,2021-07-14 01:04:53,-20.4,164.5667,72.32,55,24,13.2
267,Luderitz,NA,2021-07-14 01:04:54,-26.6481,15.1594,51.98,46,0,8.81
268,Pedernales,DO,2021-07-14 01:04:54,18.0384,-71.744,82.2,77,49,5.95
269,Kohlu,PK,2021-07-14 01:01:31,29.8962,69.252,78.57,67,44,2.73
270,Rocha,UY,2021-07-14 01:01:27,-34.4833,-54.3333,52.59,92,100,7.38
271,Chapais,CA,2021-07-14 01:02:44,49.7834,-74.8492,68.79,62,100,11.95
272,Mayumba,GA,2021-07-14 01:04:55,-3.432,10.6554,70.32,90,12,4.54
273,Hermiston,US,2021-07-14 01:04:55,45.8404,-119.2895,103.19,21,1,4.61
274,Bonavista,CA,2021-07-14 01:04:55,48.6499,-53.1147,47.12,78,67,4.52
275,Geraldton,AU,2021-07-14 01:04:56,-28.7667,114.6,63.01,63,90,18.41
276,Kyra,RU,2021-07-14 01:04:56,49.5776,111.9753,64.36,89,100,1.7
277,La Ronge,CA,2021-07-14 01:04:56,55.1001,-105.2842,67.71,39,11,6.55
278,Tabou,CI,2021-07-14 01:04:56,4.423,-7.3528,76.26,80,85,10.0
279,Shatsk,RU,2021-07-14 01:04:57,54.0258,41.7119,66.65,72,0,7.63
280,Mar Del Plata,AR,2021-07-14 01:04:57,-38.0023,-57.5575,47.12,47,0,1.01
281,Longyearbyen,SJ,2021-07-14 01:04:57,78.2186,15.6401,39.04,87,75,9.22
282,Bandarbeyla,SO,2021-07-14 01:04:58,9.4942,50.8122,82.81,58,100,30.11
283,Kungurtug,RU,2021-07-14 01:04:58,50.5994,97.5228,61.52,67,9,1.32
284,Fort Nelson,CA,2021-07-14 01:04:58,58.8053,-122.7002,82.71,33,100,1.83
285,Fare,PF,2021-07-14 01:04:59,-16.7,-151.0167,79.9,74,0,17.52
286,Palauig,PH,2021-07-14 01:04:59,15.435,119.9045,84.15,66,100,1.74
287,Moose Factory,CA,2021-07-14 01:05:00,51.2585,-80.6094,68.2,76,100,5.79
288,Kavieng,PG,2021-07-14 01:05:00,-2.5744,150.7967,85.64,68,71,18.28
289,Saint George,US,2021-07-14 01:05:00,37.1041,-113.5841,104.47,20,1,5.99
290,Bengkulu,ID,2021-07-14 01:05:01,-3.8004,102.2655,76.62,63,100,3.98
291,Gimli,CA,2021-07-14 01:05:01,50.6336,-96.9907,74.43,51,35,9.89
292,Marystown,CA,2021-07-14 01:05:01,47.1666,-55.1483,54.64,79,45,3.87
293,Phultala,BD,2021-07-14 01:05:02,22.7,89.5167,81.82,86,100,7.29
294,Corning,US,2021-07-14 01:05:02,42.1428,-77.0547,77.61,90,90,13.8
295,Ridgecrest,US,2021-07-14 01:02:13,35.6225,-117.6709,108.68,15,24,15.01
296,Bijar,IR,2021-07-14 01:05:03,35.8668,47.6051,61.81,71,0,8.43
297,Saskylakh,RU,2021-07-14 01:05:04,71.9167,114.0833,46.38,52,100,19.08
298,Berlevag,NO,2021-07-14 01:03:09,70.8578,29.0864,50.86,94,100,13.73
299,Charters Towers,AU,2021-07-14 01:05:04,-20.1,146.2667,73.89,60,35,12.15
300,Broken Hill,AU,2021-07-14 01:05:04,-31.95,141.4333,60.64,54,100,23.55
301,Bustamante,MX,2021-07-14 01:05:05,26.5333,-100.5,84.51,51,99,11.18
302,Coruripe,BR,2021-07-14 01:05:05,-10.1256,-36.1756,73.17,87,42,6.4
303,Mitchelstown,IE,2021-07-14 01:05:06,52.2658,-8.2681,58.96,98,100,4.76
304,Vestmannaeyjar,IS,2021-07-14 01:05:06,63.4427,-20.2734,51.91,86,100,14.67
305,Matagami,CA,2021-07-14 01:02:33,49.7502,-77.6328,68.38,76,100,5.08
306,Valdemarpils,LV,2021-07-14 01:05:06,57.3707,22.5919,65.62,94,99,5.97
307,Okulovka,RU,2021-07-14 01:05:07,58.4008,33.2908,64.98,86,40,3.4
308,Beringovskiy,RU,2021-07-14 01:05:07,63.05,179.3167,55.49,77,89,3.96
309,Anadyr,RU,2021-07-14 01:05:07,64.75,177.4833,66.7,63,0,6.71
310,Pangnirtung,CA,2021-07-14 01:05:08,66.1451,-65.7125,44.47,98,100,3.89
311,Hongjiang,CN,2021-07-14 01:05:08,27.11,109.9956,86.81,59,26,10.83
312,Kommunisticheskiy,RU,2021-07-14 01:05:09,61.6789,64.4819,47.61,58,6,2.37
313,Chazuta,PE,2021-07-14 01:05:09,-6.5742,-76.1367,76.05,77,42,1.19
314,Lagunas,PE,2021-07-14 01:05:09,-5.2269,-75.6753,75.45,84,79,2.98
315,Nizwa,OM,2021-07-14 01:05:09,22.9333,57.5333,84.43,66,100,2.86
316,Orocue,CO,2021-07-14 01:05:10,4.7912,-71.3354,71.94,96,96,2.04
317,Kindersley,CA,2021-07-14 01:05:10,51.4668,-109.1682,78.93,32,17,11.83
318,Ossora,RU,2021-07-14 01:05:10,59.2353,163.0719,60.89,83,96,8.03
319,Tokonou,GN,2021-07-14 01:05:11,9.65,-9.7833,68.45,96,99,7.74
320,Mount Isa,AU,2021-07-14 01:00:57,-20.7333,139.5,73.17,28,8,8.05
321,Mikumi,TZ,2021-07-14 01:05:11,-7.4041,36.9831,66.72,90,98,2.33
322,Palana,RU,2021-07-14 01:05:11,59.1167,159.9667,49.44,97,100,4.74
323,Lagoa Formosa,BR,2021-07-14 01:05:12,-18.7786,-46.4075,57.02,50,0,3.38
324,Benghazi,LY,2021-07-14 01:05:12,32.1167,20.0667,79.32,77,0,11.34
325,Vao,NC,2021-07-14 01:05:12,-22.6667,167.4833,67.51,55,0,14.61
326,Traverse City,US,2021-07-14 01:04:10,44.7631,-85.6206,73.47,78,20,8.05
327,Flagstaff,US,2021-07-14 01:01:19,35.1981,-111.6513,71.11,73,20,4.0
328,Tokmak,UA,2021-07-14 01:05:13,47.2514,35.7058,66.88,54,0,9.13
329,Knysna,ZA,2021-07-14 01:05:13,-34.0363,23.0471,46.29,81,12,6.11
330,Yanji,CN,2021-07-14 01:05:14,42.9075,129.5078,75.38,87,100,5.66
331,Manta,EC,2021-07-14 01:05:14,-0.95,-80.7333,71.29,85,86,8.46
332,Wanning,CN,2021-07-14 01:05:14,18.8003,110.3967,85.64,74,14,7.38
333,Marsh Harbour,BS,2021-07-14 01:05:15,26.5412,-77.0636,82.47,77,100,15.88
334,Masumbwe,TZ,2021-07-14 01:05:15,-3.6333,32.1833,71.04,48,100,3.44
335,Puerto Ayacucho,VE,2021-07-14 01:05:15,5.6639,-67.6236,75.69,91,100,0.76
336,Lata,PT,2021-07-14 01:05:16,40.1629,-8.3327,58.82,97,10,2.15
337,Torit,SS,2021-07-14 01:05:16,4.4133,32.5678,68.2,97,100,3.09
338,Dourados,BR,2021-07-14 01:03:51,-22.2211,-54.8056,66.29,37,33,6.62
339,Veshenskaya,RU,2021-07-14 01:05:17,49.6303,41.7334,66.07,54,0,4.85
340,College,US,2021-07-14 01:05:17,64.8569,-147.8028,82.0,38,75,6.91
341,Dicabisagan,PH,2021-07-14 01:05:17,17.0818,122.4157,85.24,69,100,1.54
342,Ulladulla,AU,2021-07-14 01:05:18,-35.35,150.4667,61.88,59,100,10.27
343,Aleksandrov Gay,RU,2021-07-14 01:05:18,50.147,48.5704,70.2,67,26,7.9
344,Atar,MR,2021-07-14 01:05:19,20.5169,-13.0499,93.16,25,18,6.58
345,Bayan,CN,2021-07-14 01:05:19,46.0833,127.4,78.39,80,100,5.12
346,Samarai,PG,2021-07-14 01:05:19,-10.6167,150.6667,79.48,87,53,16.37
347,Kaeo,NZ,2021-07-14 01:05:20,-35.1,173.7833,60.33,59,12,7.78
348,Mangrol,IN,2021-07-14 01:05:20,21.1167,70.1167,81.88,84,99,5.77
349,Tanout,NE,2021-07-14 01:05:21,14.9709,8.8879,86.97,45,70,14.61
350,Lulea,SE,2021-07-14 01:05:21,65.5842,22.1547,62.67,94,94,1.14
351,Dodola,ET,2021-07-14 01:05:21,6.9833,39.1833,52.12,92,100,2.68
352,Dalmatovo,RU,2021-07-14 01:05:22,56.26,62.9362,47.39,76,7,11.56
353,Parlakimidi,IN,2021-07-14 01:05:22,18.7667,84.0833,79.07,87,29,1.52
354,Maniitsoq,GL,2021-07-14 01:05:23,65.4167,-52.9,45.32,86,100,17.43
355,Big Rapids,US,2021-07-14 01:05:23,43.6981,-85.4837,72.91,85,1,8.05
356,Bhadrak,IN,2021-07-14 01:05:23,21.0633,86.5054,82.13,82,100,3.98
357,Aktash,RU,2021-07-14 01:05:24,50.3,87.7333,53.69,55,28,2.64
358,Shaunavon,CA,2021-07-14 01:05:24,49.6501,-108.4181,61.68,77,100,9.6
359,Muisne,EC,2021-07-14 01:05:24,0.6,-80.0333,74.86,83,98,7.72
360,Omboue,GA,2021-07-14 01:05:25,-1.5746,9.2618,71.94,83,14,7.52
361,Taungdwingyi,MM,2021-07-14 01:05:25,20.0167,95.55,80.74,79,93,9.46
362,Springdale,US,2021-07-14 01:02:11,36.1867,-94.1288,82.53,63,1,5.01
363,Casablanca,MA,2021-07-14 01:04:22,33.5928,-7.6192,69.33,73,4,18.01
364,Bilibino,RU,2021-07-14 01:05:26,68.0546,166.4372,66.06,59,80,6.6
365,Roma,US,2021-07-14 01:03:46,43.2128,-75.4557,80.46,88,1,11.5
366,Ostersund,SE,2021-07-14 01:05:26,63.1792,14.6357,63.05,82,86,8.05
367,Los Llanos De Aridane,ES,2021-07-14 01:05:26,28.6585,-17.9182,67.75,83,19,17.27
368,Spencer,US,2021-07-14 01:05:27,43.1414,-95.1444,78.91,69,20,4.61
369,Agirish,RU,2021-07-14 01:05:27,61.9247,63.0231,48.67,59,5,3.09
370,Pangai,TO,2021-07-14 01:05:27,-19.8,-174.35,77.2,84,81,10.63
371,Akdepe,TM,2021-07-14 01:05:28,42.0551,59.3788,62.6,39,94,7.87
372,Tura,IN,2021-07-14 01:05:28,25.5198,90.2201,75.51,93,100,5.64
373,Phangnga,TH,2021-07-14 01:05:28,8.4509,98.5298,82.81,83,87,1.34
374,Kibala,TD,2021-07-14 01:05:29,9.1104,18.3463,72.55,92,100,1.5
375,Ketchikan,US,2021-07-14 01:05:29,55.3422,-131.6461,63.07,77,90,10.36
376,Antofagasta,CL,2021-07-14 01:05:29,-23.65,-70.4,58.28,83,100,7.83
377,Fougamou,GA,2021-07-14 01:05:30,-1.2154,10.5838,69.28,89,5,1.74
378,Constitucion,CL,2021-07-14 01:05:30,-35.3333,-72.4167,47.71,74,0,5.97
379,Chicama,PE,2021-07-14 01:05:30,-7.8447,-79.1469,63.14,82,47,8.61
380,Gat,IL,2021-07-14 01:05:31,31.61,34.7642,77.4,100,0,2.44
381,Flinders,AU,2021-07-14 01:05:31,-34.5833,150.8552,62.38,71,100,1.01
382,Bagaha,IN,2021-07-14 01:05:31,27.1,84.0833,79.61,87,65,8.5
383,Burnie,AU,2021-07-14 01:05:31,-41.0667,145.9167,55.92,89,100,8.48
384,Erenhot,CN,2021-07-14 01:05:32,43.6475,111.9767,85.66,36,7,9.89
385,Lisakovsk,KZ,2021-07-14 01:05:32,52.5369,62.4936,49.93,70,8,11.34
386,Christchurch,NZ,2021-07-14 01:02:09,-43.5333,172.6333,55.47,55,12,5.99
387,Victor Harbor,AU,2021-07-14 01:05:33,-35.5667,138.6167,59.47,87,100,1.01
388,Mandalgovi,MN,2021-07-14 01:05:33,45.7625,106.2708,65.68,43,95,15.21
389,Moba,CN,2021-07-14 01:05:33,33.2288,105.0179,68.16,90,100,4.52
390,Myitkyina,MM,2021-07-14 01:05:34,25.3833,97.4,76.6,94,100,0.6
391,Dongsheng,CN,2021-07-14 01:05:34,39.8161,109.9776,82.65,38,0,12.01
392,Mehamn,NO,2021-07-14 01:05:35,71.0357,27.8492,51.21,94,100,16.17
393,Takhli,TH,2021-07-14 01:05:35,15.2634,100.3438,82.6,76,87,6.13
394,Cidreira,BR,2021-07-14 01:05:35,-30.1811,-50.2056,63.45,80,100,2.98
395,Sao Miguel Do Tapuio,BR,2021-07-14 01:05:35,-5.5036,-41.3233,77.85,43,51,7.16
396,Perambalur,IN,2021-07-14 01:05:36,11.2333,78.8833,81.99,73,100,8.41
397,Abu Zabad,SD,2021-07-14 01:05:36,12.35,29.25,77.22,72,100,8.95
398,Verkhnevilyuysk,RU,2021-07-14 01:05:36,63.4453,120.3167,76.86,46,3,10.07
399,Kuala Terengganu,MY,2021-07-14 01:05:37,5.3302,103.1408,75.45,94,100,8.5
400,Along,IN,2021-07-14 01:05:37,28.1667,94.7667,76.5,97,100,0.72
401,Kenora,CA,2021-07-14 01:05:38,49.8167,-94.4337,75.18,46,40,10.36
402,Ust-Omchug,RU,2021-07-14 01:05:38,61.15,149.6333,64.67,53,100,2.08
403,Hami,CN,2021-07-14 01:05:38,42.8,93.45,84.51,18,0,11.01
404,Pitsunda,GE,2021-07-14 01:05:39,43.1592,40.3378,71.78,78,53,4.56
405,Olden,NO,2021-07-14 01:05:39,61.8364,6.8064,67.15,85,100,1.81
406,Bambous Virieux,MU,2021-07-14 01:05:39,-20.3428,57.7575,67.21,74,30,15.37
407,Deputatskiy,RU,2021-07-14 01:05:40,69.3,139.9,60.75,53,39,3.33
408,Acapulco,MX,2021-07-14 01:02:40,16.8634,-99.8901,82.38,82,100,5.61
409,Herran,CO,2021-07-14 01:05:40,7.5061,-72.4833,62.8,89,64,6.73
410,Pimenta Bueno,BR,2021-07-14 01:05:40,-11.6725,-61.1936,74.07,49,1,1.48
411,Sioux Lookout,CA,2021-07-14 01:05:41,50.1001,-91.917,68.58,50,97,5.46
412,Orlik,RU,2021-07-14 01:05:41,52.5178,99.825,58.23,77,100,1.92
413,Pueblo,US,2021-07-14 01:02:47,38.2545,-104.6091,83.91,40,100,3.0
414,Mumford,GH,2021-07-14 01:05:41,5.2618,-0.759,76.77,84,95,11.68
415,Grindavik,IS,2021-07-14 01:05:42,63.8424,-22.4338,50.47,87,75,13.8
416,Peniche,PT,2021-07-14 01:05:42,39.3558,-9.3811,63.88,89,0,16.89
417,Vavuniya,LK,2021-07-14 01:05:42,8.7514,80.4971,77.61,85,100,6.78
418,Eyl,SO,2021-07-14 01:05:43,7.9803,49.8164,80.06,67,82,27.67
419,Shimanovsk,RU,2021-07-14 01:05:43,52.0,127.7,66.09,99,100,6.15
420,Dano,BF,2021-07-14 01:05:43,11.15,-3.0667,78.48,72,100,9.31
421,Novoagansk,RU,2021-07-14 01:05:43,61.9449,76.6625,43.09,93,100,15.03
422,Makakilo City,US,2021-07-14 01:05:44,21.3469,-158.0858,84.52,56,75,8.05
423,Aksarka,RU,2021-07-14 01:05:44,66.5606,67.7975,48.15,56,8,3.83
424,Hamilton,US,2021-07-14 01:04:22,39.1834,-84.5333,75.51,90,75,0.0
425,Mazatan,MX,2021-07-14 01:05:45,14.8667,-92.45,78.87,100,40,0.0
426,Santa Cruz,BO,2021-07-14 01:05:01,-17.8,-63.1667,78.26,65,40,9.22
427,Ewa Beach,US,2021-07-14 01:05:45,21.3156,-158.0072,85.95,55,75,12.66
428,Nijar,ES,2021-07-14 01:05:45,36.9665,-2.206,69.66,78,0,6.91
429,Karasjok,NO,2021-07-14 01:05:46,69.4719,25.5112,51.91,90,94,2.44
430,Jizan,SA,2021-07-14 01:05:46,17.3333,42.6667,88.61,59,88,7.0
431,Drayton Valley,CA,2021-07-14 01:05:47,53.2168,-114.9854,75.9,53,52,11.1
432,Katangli,RU,2021-07-14 01:05:47,51.7102,143.2326,75.87,71,100,12.12
433,Owando,CG,2021-07-14 01:05:47,-0.4819,15.8999,72.0,59,11,1.9
434,Baykit,RU,2021-07-14 01:05:48,61.67,96.37,64.0,50,8,7.05
435,Longyan,CN,2021-07-14 01:05:48,25.1072,117.0225,85.01,71,88,3.53
436,Ereymentau,KZ,2021-07-14 01:05:48,51.6199,73.1033,53.38,93,100,10.31
437,Singarayakonda,IN,2021-07-14 01:05:48,15.25,80.0333,80.33,71,100,11.61
438,Vestmanna,FO,2021-07-14 01:05:49,62.1564,-7.1664,49.12,100,90,11.5
439,Humboldt,US,2021-07-14 01:05:49,40.6665,-123.9178,81.39,53,2,6.35
440,Fereydun Kenar,IR,2021-07-14 01:05:49,36.6864,52.5225,78.46,71,17,6.53
441,Komoro,JP,2021-07-14 01:05:50,36.3167,138.4333,77.07,78,68,3.36
442,Tiszavasvari,HU,2021-07-14 01:05:50,47.9667,21.35,71.74,67,2,4.94
443,Shetpe,KZ,2021-07-14 01:05:50,44.1667,52.1167,71.51,45,90,5.55
444,Mirnyy,RU,2021-07-14 01:05:51,62.5353,113.9611,68.2,63,100,3.89
445,Prado,BR,2021-07-14 01:01:39,-17.3411,-39.2208,71.08,86,0,6.51
446,Tessalit,ML,2021-07-14 01:05:51,20.1986,1.0114,91.0,7,0,2.06
447,Sheboygan,US,2021-07-14 01:05:51,43.7333,-87.9334,78.76,78,1,4.61
448,Botou,CN,2021-07-14 01:05:52,38.0667,116.5667,88.32,67,36,2.39
449,Rawson,AR,2021-07-14 01:04:56,-43.3002,-65.1023,47.7,50,99,8.23
450,Yinchuan,CN,2021-07-14 01:05:52,38.4681,106.2731,89.69,26,98,5.26
451,Tigil,RU,2021-07-14 01:05:52,57.8,158.6667,58.23,95,100,7.02
452,Praia,CV,2021-07-14 01:05:53,14.9215,-23.5087,74.44,85,99,5.17
453,Sisimiut,GL,2021-07-14 01:05:53,66.9395,-53.6735,47.7,83,100,28.86
454,Khani,GE,2021-07-14 01:05:53,41.9563,42.9566,58.57,95,80,4.32
455,Qandala,SO,2021-07-14 01:05:54,11.472,49.8728,87.67,55,100,9.37
456,Kurchum,KZ,2021-07-14 01:05:54,48.5722,83.6542,72.03,48,71,7.74
457,Dodge City,US,2021-07-14 01:03:19,37.7528,-100.0171,91.65,37,1,7.0
458,Brigantine,US,2021-07-14 01:05:54,39.4101,-74.3646,82.33,92,1,5.75
459,Ilulissat,GL,2021-07-14 01:05:55,69.2167,-51.1,48.22,87,75,14.97
460,Talnakh,RU,2021-07-14 01:05:55,69.4865,88.3972,43.05,61,100,4.47
461,Tahoua,NE,2021-07-14 01:02:18,14.8888,5.2692,83.75,56,98,14.03
462,Sechura,PE,2021-07-14 01:05:56,-5.5569,-80.8222,68.07,76,9,16.58
463,Honiara,SB,2021-07-14 01:05:56,-9.4333,159.95,87.57,64,98,10.42
464,Urengoy,RU,2021-07-14 01:05:56,65.9667,78.3667,45.46,56,26,7.85
465,Chegutu,ZW,2021-07-14 01:05:57,-18.1302,30.1407,58.86,55,48,2.33
466,Bhalki,IN,2021-07-14 01:05:57,18.0333,77.2167,72.1,89,100,15.55
467,Terney,RU,2021-07-14 01:05:57,45.0503,136.6092,74.48,74,47,10.11
468,Sale,MA,2021-07-14 01:05:58,34.0389,-6.8166,66.74,94,40,0.0
469,Ouadda,CF,2021-07-14 01:05:58,8.0777,22.4007,66.61,97,90,1.86
470,Port Macquarie,AU,2021-07-14 01:03:52,-31.4333,152.9167,63.5,56,100,7.25
471,Turbat,PK,2021-07-14 01:05:58,26.0023,63.044,90.41,60,100,3.15
472,Abu Dhabi,AE,2021-07-14 01:05:36,24.4667,54.3667,98.62,36,33,12.66
473,San Juan,AR,2021-07-14 01:05:36,-31.5375,-68.5364,56.8,52,89,5.97
474,Tingo Maria,PE,2021-07-14 01:05:59,-9.2895,-76.0088,68.58,96,24,2.06
475,Arona,ES,2021-07-14 01:05:59,28.0996,-16.681,67.91,60,0,12.66
476,Perth,AU,2021-07-14 01:06:00,-31.9333,115.8333,61.09,91,75,3.44
477,Saint-Joseph,RE,2021-07-14 01:06:00,-21.3667,55.6167,66.56,67,2,11.07
478,Sivaki,RU,2021-07-14 01:06:00,52.6333,126.75,63.99,96,100,6.87
479,Havoysund,NO,2021-07-14 01:06:01,70.9963,24.6622,50.88,98,100,21.0
480,Kattivakkam,IN,2021-07-14 01:06:01,13.2167,80.3167,80.69,68,100,10.69
481,Lukovetskiy,RU,2021-07-14 01:06:01,64.2956,41.9211,57.18,91,15,3.94
482,Male,MV,2021-07-14 01:05:55,4.1748,73.5089,81.21,80,100,9.31
483,Saint Joseph,US,2021-07-14 01:03:17,39.7686,-94.8466,83.8,70,1,8.05
484,Port-Gentil,GA,2021-07-14 01:06:02,-0.7193,8.7815,75.51,78,83,12.15
485,Ancud,CL,2021-07-14 01:06:02,-41.8697,-73.8203,46.22,84,100,9.15
486,Penzance,GB,2021-07-14 01:06:03,50.1186,-5.5371,58.69,91,90,9.95
487,Melilla,ES,2021-07-14 01:06:03,35.2937,-2.9383,68.38,77,0,0.0
488,Icod De Los Vinos,ES,2021-07-14 01:06:03,28.3724,-16.7119,72.54,57,0,15.08
489,Amapa,BR,2021-07-14 01:06:04,1.0,-52.0,71.64,98,100,2.04
490,Teguise,ES,2021-07-14 01:06:04,29.0605,-13.564,66.42,83,0,27.63
491,Kavaratti,IN,2021-07-14 01:06:04,10.5669,72.642,83.12,79,100,22.06
492,Huilong,CN,2021-07-14 01:06:05,31.8111,121.655,88.99,82,97,13.8
493,Iquitos,PE,2021-07-14 01:04:58,-3.7481,-73.2472,75.24,94,20,0.0
494,Soe,ID,2021-07-14 01:06:05,-9.8607,124.284,73.17,58,68,6.46
495,Alofi,NU,2021-07-14 01:06:06,-19.0595,-169.9187,80.49,78,75,9.22
496,Sao Geraldo Do Araguaia,BR,2021-07-14 01:06:06,-6.4006,-48.555,79.65,41,58,4.23
497,Maragogi,BR,2021-07-14 01:01:15,-9.0122,-35.2225,74.14,85,15,6.64
498,Virginia Beach,US,2021-07-14 01:05:41,36.8529,-75.978,86.05,73,75,5.75
499,Komsomolskiy,UZ,2021-07-14 01:06:07,40.4272,71.7189,74.12,53,12,6.91
500,Zhangye,CN,2021-07-14 01:06:07,38.9342,100.4517,76.46,36,100,4.43
501,Umm Lajj,SA,2021-07-14 01:06:07,25.0213,37.2685,84.13,61,100,6.82
502,Kangaba,ML,2021-07-14 01:06:07,11.9333,-8.4167,76.93,77,100,7.45
503,Biak,ID,2021-07-14 01:06:08,-0.9131,122.8766,75.51,91,100,7.92
504,Avera,US,2021-07-14 01:06:08,33.194,-82.5271,79.75,64,91,4.34
505,Rajula,IN,2021-07-14 01:06:09,21.05,71.4333,81.21,85,85,6.44
506,Bilma,NE,2021-07-14 01:06:09,18.6853,12.9164,90.93,26,5,9.17
507,Algiers,DZ,2021-07-14 01:02:42,36.7525,3.042,66.02,88,20,2.3
508,Khakhea,BW,2021-07-14 01:06:09,-24.6895,23.494,32.76,51,0,8.14
509,Ussel,FR,2021-07-14 01:06:10,45.55,2.3167,56.08,100,100,2.44
510,Port Hedland,AU,2021-07-14 01:06:10,-20.3167,118.5667,75.25,69,34,8.05
511,Lianran,CN,2021-07-14 01:06:10,24.9227,102.485,67.42,89,70,3.56
512,Coolum Beach,AU,2021-07-14 01:06:11,-26.5333,153.1,72.1,61,32,5.64
513,Aljezur,PT,2021-07-14 01:06:11,37.3191,-8.8033,60.46,80,0,12.1
514,Turka,UA,2021-07-14 01:06:11,49.1541,23.0297,67.26,75,0,5.32
515,Maceio,BR,2021-07-14 01:06:12,-9.6658,-35.7353,76.44,83,75,4.61
516,Umm Kaddadah,SD,2021-07-14 01:06:12,13.6017,26.6876,83.59,44,100,6.96
517,Sikandra Rao,IN,2021-07-14 01:06:12,27.7,78.4,87.85,59,100,9.24
518,Morant Bay,JM,2021-07-14 01:06:12,17.8815,-76.4093,85.62,85,14,9.75
519,Touros,BR,2021-07-14 01:06:13,-5.1989,-35.4608,77.9,81,93,12.64
520,Yenagoa,NG,2021-07-14 01:06:13,4.9247,6.2642,73.92,93,85,4.23
521,Storforshei,NO,2021-07-14 01:06:13,66.4043,14.5233,50.67,93,100,0.04
522,Davila,PH,2021-07-14 01:06:14,18.4726,120.5763,84.9,73,52,2.51
523,Tezu,IN,2021-07-14 01:06:14,27.9167,96.1667,76.95,98,100,0.92
524,Nisia Floresta,BR,2021-07-14 01:06:14,-6.0911,-35.2086,77.81,87,25,9.73
525,Arlit,NE,2021-07-14 01:06:15,18.7369,7.3853,93.72,27,96,10.36
526,Takaka,NZ,2021-07-14 01:06:15,-40.85,172.8,55.56,48,6,0.58
527,Santa Fe,AR,2021-07-14 01:05:37,-31.6333,-60.7,59.02,86,100,5.01
528,Pitimbu,BR,2021-07-14 01:06:15,-7.4706,-34.8086,73.99,81,8,10.96
529,Khuzdar,PK,2021-07-14 01:06:16,27.7384,66.6434,78.87,65,100,6.02
530,Santa Cruz De La Palma,ES,2021-07-14 01:06:16,28.6835,-17.7642,71.74,83,49,17.27
531,Grand Baie,MU,2021-07-14 01:06:16,-20.0182,57.5802,67.44,80,7,3.0
532,Kawalu,ID,2021-07-14 01:06:17,-7.3817,108.2082,73.99,81,100,2.01
533,Llangefni,GB,2021-07-14 01:06:17,53.2556,-4.3106,58.77,92,4,3.13
534,Hermosillo,MX,2021-07-14 01:06:17,29.0667,-110.9667,95.68,52,75,7.0
535,Koundara,GN,2021-07-14 01:06:18,12.4833,-13.3,74.39,95,99,6.26
536,Baghdad,IQ,2021-07-14 01:02:06,33.3406,44.4009,94.73,23,0,15.37
537,Santa Rosa,PH,2021-07-14 01:06:18,14.3122,121.1114,88.09,70,99,4.45
538,Show Low,US,2021-07-14 01:06:19,34.2542,-110.0298,82.11,41,1,11.5
539,Naryan-Mar,RU,2021-07-14 01:06:19,67.6713,53.087,54.5,58,99,7.45
540,Cabedelo,BR,2021-07-14 01:06:19,-6.9811,-34.8339,74.07,84,80,12.08
541,Ifanadiana,MG,2021-07-14 01:06:19,-21.3,47.6333,58.08,97,40,2.17
542,Kisangani,CD,2021-07-14 01:06:20,0.5167,25.2,70.84,85,32,2.59
